<?xml version="1.0" encoding="utf-8"?>
<Configuration xmlns:xsd="http://www.w3.org/2001/XMLSchema" xmlns:xsi="http://www.w3.org/2001/XMLSchema-instance">
	<Meta>
		<PreferUserConfiguration>false</PreferUserConfiguration>
		<OmitItemsWithDefaultValues>true</OmitItemsWithDefaultValues>
	</Meta>
	<Application>
		<LanguageFile>Russian.lngx</LanguageFile>
		<LastUsedFile>
			<Path />
			<CredProtMode>Obf</CredProtMode>
			<CredSaveMode>NoSave</CredSaveMode>
		</LastUsedFile>
		<MostRecentlyUsed>
			<MaxItemCount>12</MaxItemCount>
			<Items />
		</MostRecentlyUsed>
		<WorkingDirectories />
		<Start>
			<CheckForUpdate>false</CheckForUpdate>
			<CheckForUpdateConfigured>true</CheckForUpdateConfigured>
		</Start>
		<FileOpening />
		<FileClosing />
		<TriggerSystem>
			<Triggers />
		</TriggerSystem>
	</Application>
	<Logging />
	<MainWindow>
		<X>305</X>
		<Y>235</Y>
		<Width>670</Width>
		<Height>524</Height>
		<SplitterHorizontalFrac>0.8313253</SplitterHorizontalFrac>
		<SplitterVerticalFrac>0.250764519</SplitterVerticalFrac>
		<Layout>Default</Layout>
		<ToolBar />
		<EntryView />
		<TanView />
		<EntryListColumnCollection>
			<Column>
				<Type>Title</Type>
				<Width>90</Width>
			</Column>
			<Column>
				<Type>UserName</Type>
				<Width>90</Width>
			</Column>
			<Column>
				<Type>Password</Type>
				<Width>90</Width>
				<HideWithAsterisks>true</HideWithAsterisks>
			</Column>
			<Column>
				<Type>Url</Type>
				<Width>90</Width>
			</Column>
			<Column>
				<Type>Notes</Type>
				<Width>90</Width>
			</Column>
		</EntryListColumnCollection>
		<EntryListColumnDisplayOrder>0 1 2 3 4</EntryListColumnDisplayOrder>
		<ListSorting>
			<Order>Ascending</Order>
		</ListSorting>
	</MainWindow>
	<UI>
		<TrayIcon />
		<Hiding />
		<StandardFont>
			<Family>Microsoft Sans Serif</Family>
			<Size>8.25</Size>
			<GraphicsUnit>Point</GraphicsUnit>
			<Style>Regular</Style>
			<OverrideUIDefault>false</OverrideUIDefault>
		</StandardFont>
		<PasswordFont>
			<Family>Courier New</Family>
			<Size>8.25</Size>
			<GraphicsUnit>Point</GraphicsUnit>
			<Style>Regular</Style>
			<OverrideUIDefault>false</OverrideUIDefault>
		</PasswordFont>
		<BannerStyle>WinVistaBlack</BannerStyle>
		<DataEditorFont>
			<Family>Microsoft Sans Serif</Family>
			<Size>8.25</Size>
			<GraphicsUnit>Point</GraphicsUnit>
			<Style>Regular</Style>
			<OverrideUIDefault>false</OverrideUIDefault>
		</DataEditorFont>
		<UIFlags>0</UIFlags>
		<KeyCreationFlags>0</KeyCreationFlags>
		<KeyPromptFlags>0</KeyPromptFlags>
	</UI>
	<Security>
		<WorkspaceLocking>
			<LockAfterTime>0</LockAfterTime>
			<LockAfterGlobalTime>0</LockAfterGlobalTime>
		</WorkspaceLocking>
		<Policy />
		<MasterPassword>
			<MinimumLength>0</MinimumLength>
			<MinimumQuality>0</MinimumQuality>
		</MasterPassword>
	</Security>
	<Native />
	<PasswordGenerator>
		<AutoGeneratedPasswordsProfile>
			<GeneratorType>CharSet</GeneratorType>
			<Length>20</Length>
			<CharSetRanges>ULD_______</CharSetRanges>
		</AutoGeneratedPasswordsProfile>
		<LastUsedProfile>
			<GeneratorType>CharSet</GeneratorType>
			<Length>20</Length>
			<CharSetRanges>ULD_______</CharSetRanges>
		</LastUsedProfile>
		<UserProfiles />
	</PasswordGenerator>
	<Defaults>
		<OptionsTabIndex>0</OptionsTabIndex>
		<SearchParameters>
			<ComparisonMode>InvariantCultureIgnoreCase</ComparisonMode>
		</SearchParameters>
		<KeySources />
	</Defaults>
	<Integration>
		<HotKeyGlobalAutoType>393281</HotKeyGlobalAutoType>
		<HotKeySelectedAutoType>0</HotKeySelectedAutoType>
		<HotKeyShowWindow>393291</HotKeyShowWindow>
		<HotKeyEntryMenu>0</HotKeyEntryMenu>
		<UrlSchemeOverrides>
			<BuiltInOverridesEnabled>1</BuiltInOverridesEnabled>
			<CustomOverrides />
		</UrlSchemeOverrides>
		<ProxyType>System</ProxyType>
	</Integration>
	<Custom />
</Configuration>